position_1based,kl_exper_vs_uncond,kl_exper_vs_naive_potts,kl_exper_vs_exper_potts
1,0.023956,1.014555,0.449341
2,0.037872,0.031866,0.031866
3,0.019936,0.661517,0.164277
4,0.006018,1.108663,3.170086
5,2.986473,1.353500,1.295161
6,0.356861,0.536006,1.237132
7,0.825705,2.232830,2.232830
8,0.055654,4.389461,4.366765
9,0.064210,1.878606,0.764085
10,0.080944,0.443655,0.111747
11,0.382117,1.357916,0.412684
12,0.044566,0.229720,0.180184
13,0.421322,1.306099,0.289102
14,0.194068,0.500940,0.427242
15,1.594431,0.924758,0.856109
16,0.037872,0.047572,0.049992
17,0.131833,0.075613,0.145914
18,0.092114,0.020357,0.096117
19,1.237005,0.211787,0.208955
20,0.000000,0.000000,0.000000
21,0.000000,0.000000,0.000000
22,0.000000,0.000000,0.000000
23,0.006018,0.146183,0.076881
24,0.006018,0.006018,0.010050
25,1.516618,1.516618,1.520337
26,0.006018,0.000000,0.000000
27,1.049598,1.064908,1.064908
28,0.628460,0.118261,0.293626
29,0.604168,0.738852,0.611671
30,0.578898,0.630339,0.307051
31,0.574216,1.229778,0.711626
32,0.734335,5.543997,1.187651
33,0.037872,0.049992,0.039882
34,0.348751,0.097644,0.303694
35,0.006018,0.006018,0.008032
36,0.037839,0.271211,0.083276
37,0.039328,0.037322,0.045370
38,0.950953,1.054934,0.985465
39,0.006018,0.014099,0.008032
40,0.175628,0.436596,0.442474
41,6.642283,6.640926,6.643644
42,0.892169,0.890254,0.156265
43,1.078068,1.078068,1.078068
44,0.015933,0.015933,0.015933
45,0.293864,0.293864,0.293864
46,0.065193,0.065193,0.065193
47,0.006018,0.010050,0.008032
48,0.920047,0.918136,0.145416
49,1.843528,5.814000,5.806551
50,0.169013,1.171789,1.177464
51,0.021944,0.027992,0.027992
52,0.184716,0.075311,0.118222
53,0.882733,0.880816,0.884654
54,0.020213,0.035866,0.029575
55,0.175888,1.804482,0.330296
56,1.153974,0.746186,0.540384
57,0.456025,0.674092,0.799097
58,0.346640,1.783392,2.989043
59,0.077687,0.044271,0.060075
60,0.323870,0.410200,0.060741
61,0.294162,0.347349,0.224574
62,0.768677,0.516155,0.768296
63,0.008305,0.057262,0.061282
64,0.463482,0.496581,0.789748
65,0.273964,0.691057,0.604929
66,4.028049,1.433753,0.910660
67,1.003867,1.073681,0.839629
68,2.783635,0.323424,1.071659
69,1.488126,1.555083,1.553249
70,0.131833,0.129838,0.133833
71,0.589525,0.589525,0.595377
72,0.280453,0.049711,0.019199
73,0.006018,0.004008,0.008032
74,0.250611,0.252201,0.199418
75,0.006018,0.004008,0.006018
76,0.006018,0.004008,0.008032
77,5.573666,6.460913,5.554040
78,0.037602,0.088579,0.057264
79,3.207745,3.225404,3.227623
80,0.900628,0.896794,0.900628
81,0.006018,0.008032,0.010050
82,0.002280,0.053253,0.057264
83,1.301996,0.381864,0.312236
84,0.220873,0.111587,0.566340
85,7.256917,1.519107,7.258239
86,0.281510,0.279532,0.281510
87,0.405661,0.146284,0.426739
88,0.297328,0.286065,0.321750
89,0.021944,0.019936,0.023956
90,0.420610,0.420610,0.420610
91,0.069562,0.069562,0.069562
92,0.000000,0.000000,0.000000
93,0.000000,0.000000,0.000000
